,precision,recall,f1-score,support
0,0.9437609841827768,0.9640933572710951,0.9538188277087034,557.0
1,0.9272727272727272,0.8885017421602788,0.9074733096085409,287.0
accuracy,0.9383886255924171,0.9383886255924171,0.9383886255924171,0.9383886255924171
macro avg,0.935516855727752,0.9262975497156869,0.9306460686586222,844.0
weighted avg,0.938154195399383,0.9383886255924171,0.9380591550845959,844.0
