,precision,recall,f1-score,support
0,0.6778846153846154,0.7249357326478149,0.7006211180124223,389.0
1,0.3630952380952381,0.3128205128205128,0.33608815426997246,195.0
accuracy,0.5873287671232876,0.5873287671232876,0.5873287671232876,0.5873287671232876
macro avg,0.5204899267399268,0.5188781227341639,0.5183546361411974,584.0
weighted avg,0.5727751486527173,0.5873287671232876,0.5789020633381454,584.0
