,precision,recall,f1-score,support
0,0.7972972972972973,0.910025706940874,0.8499399759903962,389.0
1,0.75,0.5384615384615384,0.6268656716417911,195.0
accuracy,0.785958904109589,0.785958904109589,0.785958904109589,0.785958904109589
macro avg,0.7736486486486487,0.7242436227012062,0.7384028238160936,584.0
weighted avg,0.781504535357275,0.785958904109589,0.7754545490246804,584.0
