,precision,recall,f1-score,support
0,0.9432624113475178,0.9551166965888689,0.9491525423728814,557.0
1,0.9107142857142857,0.8885017421602788,0.8994708994708994,287.0
accuracy,0.9324644549763034,0.9324644549763034,0.9324644549763034,0.9324644549763034
macro avg,0.9269883485309017,0.9218092193745738,0.9243117209218904,844.0
weighted avg,0.9321945060670229,0.9324644549763034,0.9322584292059751,844.0
