{
  "best_metric": 0.3898891806602478,
  "best_model_checkpoint": "model_output_albertv2/mgsd_baseline/checkpoint-1038",
  "epoch": 2.0,
  "eval_steps": 500,
  "global_step": 1038,
  "is_hyper_param_search": false,
  "is_local_process_zero": true,
  "is_world_process_zero": true,
  "log_history": [
    {
      "epoch": 0.9633911368015414,
      "grad_norm": 22.350791931152344,
      "learning_rate": 1.357739242132306e-05,
      "loss": 0.4861,
      "step": 500
    },
    {
      "epoch": 1.0,
      "eval_balanced accuracy": 0.7552058900685144,
      "eval_f1": 0.7621795705490368,
      "eval_loss": 0.4192393720149994,
      "eval_precision": 0.7726748315089322,
      "eval_recall": 0.7552058900685144,
      "eval_runtime": 36.1753,
      "eval_samples_per_second": 229.411,
      "eval_steps_per_second": 3.594,
      "step": 519
    },
    {
      "epoch": 1.9267822736030829,
      "grad_norm": 8.881637573242188,
      "learning_rate": 7.154784842646115e-06,
      "loss": 0.3625,
      "step": 1000
    },
    {
      "epoch": 2.0,
      "eval_balanced accuracy": 0.7860101549801453,
      "eval_f1": 0.7907692300141298,
      "eval_loss": 0.3898891806602478,
      "eval_precision": 0.7967948682022081,
      "eval_recall": 0.7860101549801453,
      "eval_runtime": 36.4657,
      "eval_samples_per_second": 227.583,
      "eval_steps_per_second": 3.565,
      "step": 1038
    }
  ],
  "logging_steps": 500,
  "max_steps": 1557,
  "num_input_tokens_seen": 0,
  "num_train_epochs": 3,
  "save_steps": 500,
  "stateful_callbacks": {
    "TrainerControl": {
      "args": {
        "should_epoch_stop": false,
        "should_evaluate": false,
        "should_log": false,
        "should_save": true,
        "should_training_stop": false
      },
      "attributes": {}
    }
  },
  "total_flos": 214020383831280.0,
  "train_batch_size": 64,
  "trial_name": null,
  "trial_params": null
}
