,precision,recall,f1-score,support
0,0.9872727272727273,0.9748653500897666,0.981029810298103,557.0
1,0.9523809523809523,0.975609756097561,0.963855421686747,287.0
accuracy,0.9751184834123223,0.9751184834123223,0.9751184834123223,0.9751184834123223
macro avg,0.9698268398268398,0.9752375530936638,0.972442615992425,844.0
weighted avg,0.9754078701709034,0.9751184834123223,0.9751897042181751,844.0
