,precision,recall,f1-score,support
0,0.989010989010989,0.9694793536804309,0.9791477787851315,557.0
1,0.9429530201342282,0.9790940766550522,0.9606837606837607,287.0
accuracy,0.9727488151658767,0.9727488151658767,0.9727488151658767,0.9727488151658767
macro avg,0.9659820045726086,0.9742867151677416,0.969915769734446,844.0
weighted avg,0.9733490967507635,0.9727488151658767,0.9728691375587175,844.0
