,precision,recall,f1-score,support
0,0.8213333333333334,0.7917737789203085,0.806282722513089,389.0
1,0.6124401913875598,0.6564102564102564,0.6336633663366337,195.0
accuracy,0.7465753424657534,0.7465753424657534,0.7465753424657534,0.7465753424657534
macro avg,0.7168867623604466,0.7240920176652825,0.7199730444248613,584.0
weighted avg,0.7515830547726726,0.7465753424657534,0.7486444100911561,584.0
