,precision,recall,f1-score,support
0,0.8084577114427861,0.8354755784061697,0.8217446270543616,389.0
1,0.6483516483516484,0.6051282051282051,0.6259946949602122,195.0
accuracy,0.7585616438356164,0.7585616438356164,0.7585616438356164,0.7585616438356164
macro avg,0.7284046798972172,0.7203018917671874,0.7238696610072869,584.0
weighted avg,0.7549976390065329,0.7585616438356164,0.7563829202763495,584.0
