,precision,recall,f1-score,support
0,0.9872495446265938,0.9730700179533214,0.9801084990958409,557.0
1,0.9491525423728814,0.975609756097561,0.9621993127147767,287.0
accuracy,0.9739336492890995,0.9739336492890995,0.9739336492890995,0.9739336492890995
macro avg,0.9682010434997376,0.9743398870254412,0.9711539059053087,844.0
weighted avg,0.9742947583152012,0.9739336492890995,0.9740185269496734,844.0
