,precision,recall,f1-score,support
0,0.9854280510018215,0.9712746858168761,0.9783001808318263,557.0
1,0.9457627118644067,0.9721254355400697,0.9587628865979382,287.0
accuracy,0.9715639810426541,0.9715639810426541,0.9715639810426541,0.9715639810426541
macro avg,0.9655953814331142,0.9717000606784729,0.9685315337148823,844.0
weighted avg,0.9719399558212076,0.9715639810426541,0.971656574854189,844.0
