,precision,recall,f1-score,support
0,0.8235294117647058,0.8637532133676092,0.8431618569636136,389.0
1,0.6988636363636364,0.6307692307692307,0.6630727762803235,195.0
accuracy,0.785958904109589,0.785958904109589,0.785958904109589,0.785958904109589
macro avg,0.7611965240641712,0.74726122206842,0.7531173166219685,584.0
weighted avg,0.7819029970331842,0.785958904109589,0.7830293728313507,584.0
