,precision,recall,f1-score,support
0,0.8208955223880597,0.8483290488431876,0.8343868520859671,389.0
1,0.6758241758241759,0.6307692307692307,0.6525198938992043,195.0
accuracy,0.7756849315068494,0.7756849315068494,0.7756849315068494,0.7756849315068494
macro avg,0.7483598491061179,0.7395491398062092,0.7434533729925856,584.0
weighted avg,0.772455603586763,0.7756849315068494,0.7736607273489486,584.0
