,precision,recall,f1-score,support
0,0.982174688057041,0.9892280071813285,0.9856887298747764,557.0
1,0.9787985865724381,0.9651567944250871,0.9719298245614035,287.0
accuracy,0.981042654028436,0.981042654028436,0.981042654028436,0.981042654028436
macro avg,0.9804866373147396,0.9771924008032078,0.97880927721809,844.0
weighted avg,0.9810266535474663,0.981042654028436,0.9810100499874091,844.0
