,precision,recall,f1-score,support
0,0.98014440433213,0.9748653500897666,0.9774977497749775,557.0
1,0.9517241379310345,0.9616724738675958,0.9566724436741768,287.0
accuracy,0.9703791469194313,0.9703791469194313,0.9703791469194313,0.9703791469194313
macro avg,0.9659342711315823,0.9682689119786811,0.9670850967245772,844.0
weighted avg,0.9704801668237006,0.9703791469194313,0.9704161587193735,844.0
