,precision,recall,f1-score,support
0,0.7635467980295566,0.7969151670951157,0.779874213836478,389.0
1,0.5561797752808989,0.5076923076923077,0.5308310991957105,195.0
accuracy,0.7003424657534246,0.7003424657534246,0.7003424657534246,0.7003424657534246
macro avg,0.6598632866552278,0.6523037373937117,0.6553526565160943,584.0
weighted avg,0.6943060969405356,0.7003424657534246,0.6967176943930711,584.0
