,precision,recall,f1-score,support
0,0.8513647291755055,0.8815346317176747,0.8661870503597122,6829.0
1,0.7550711474417197,0.7035260930888575,0.7283878504672897,3545.0
accuracy,0.8207056101792944,0.8207056101792944,0.8207056101792944,0.8207056101792944
macro avg,0.8032179383086127,0.792530362403266,0.797287450413501,10374.0
weighted avg,0.8184593168710645,0.8207056101792944,0.819098351341143,10374.0
